"RK",TIERS,"PLAYER NAME",TEAM,"POS","BYE","UPSIDE ","BUST ","SOS","ECR VS ADP"
"1",1,"Jahmyr Gibbs",DET,"RB1","6","5 out of 5","1 out of 5","5 out of 5 stars","0"
"2",1,"Ja'Marr Chase",CIN,"WR1","6","5 out of 5","1 out of 5","4 out of 5 stars","+1"
"3",1,"Bijan Robinson",ATL,"RB2","11","5 out of 5","1 out of 5","2 out of 5 stars","-1"
"4",1,"Puka Nacua",LAR,"WR2","11","5 out of 5","2 out of 5","1 out of 5 stars","0"
"5",2,"Jaxon Smith-Njigba",SEA,"WR3","11","5 out of 5","2 out of 5","3 out of 5 stars","+2"
"6",2,"Amon-Ra St. Brown",DET,"WR4","6","5 out of 5","1 out of 5","4 out of 5 stars","+2"
"7",2,"Christian McCaffrey",SF,"RB3","8","4 out of 5","4 out of 5","2 out of 5 stars","-2"
"8",2,"CeeDee Lamb",DAL,"WR5","14","4 out of 5","2 out of 5","2 out of 5 stars","+4"
"9",2,"Jonathan Taylor",IND,"RB4","13","4 out of 5","3 out of 5","4 out of 5 stars","-3"
"10",2,"Justin Jefferson",MIN,"WR6","6","5 out of 5","2 out of 5","5 out of 5 stars","0"
"11",3,"James Cook III",BUF,"RB5","7","5 out of 5","1 out of 5","2 out of 5 stars","-2"
"12",3,"Drake London",ATL,"WR7","11","4 out of 5","3 out of 5","3 out of 5 stars","+9"
"13",3,"Saquon Barkley",PHI,"RB6","10","4 out of 5","4 out of 5","4 out of 5 stars","-2"
"14",3,"A.J. Brown",NE,"WR8","11","5 out of 5","2 out of 5","2 out of 5 stars","+5"
"15",3,"Derrick Henry",BAL,"RB7","13","4 out of 5","2 out of 5","3 out of 5 stars","+2"
"16",3,"Ashton Jeanty",LV,"RB8","13","4 out of 5","4 out of 5","2 out of 5 stars","+2"
"17",4,"Brock Bowers",LV,"TE1","13","5 out of 5","1 out of 5","3 out of 5 stars","+5"
"18",4,"Chase Brown",CIN,"RB9","6","5 out of 5","2 out of 5","2 out of 5 stars","-4"
"19",4,"Nico Collins",HOU,"WR9","8","4 out of 5","2 out of 5","3 out of 5 stars","+4"
"20",4,"De'Von Achane",MIA,"RB10","6","4 out of 5","4 out of 5","3 out of 5 stars","-7"
"21",4,"Omarion Hampton",LAC,"RB11","7","5 out of 5","2 out of 5","3 out of 5 stars","-6"
"22",4,"Trey McBride",ARI,"TE2","14","4 out of 5","2 out of 5","2 out of 5 stars","+3"
"23",4,"George Pickens",DAL,"WR10","14","4 out of 5","4 out of 5","2 out of 5 stars","+1"
"24",4,"Chris Olave",NO,"WR11","8","4 out of 5","4 out of 5","3 out of 5 stars","+3"
"25",4,"Kenneth Walker III",KC,"RB12","5","5 out of 5","4 out of 5","3 out of 5 stars","-9"
"26",4,"Josh Allen",BUF,"QB1","7","5 out of 5","2 out of 5","3 out of 5 stars","-6"
"AD",4
"27",4,"DeVonta Smith",PHI,"WR12","10","4 out of 5","2 out of 5","4 out of 5 stars","+4"
"28",5,"Kyren Williams",LAR,"RB13","11","4 out of 5","2 out of 5","5 out of 5 stars","-2"
"29",5,"Zay Flowers",BAL,"WR13","13","4 out of 5","2 out of 5","4 out of 5 stars","+5"
"30",5,"Malik Nabers",NYG,"WR14","8","4 out of 5","4 out of 5","4 out of 5 stars","-1"
"31",5,"Rashee Rice",KC,"WR15","5","4 out of 5","4 out of 5","2 out of 5 stars","+2"
"32",5,"Tee Higgins",CIN,"WR16","6","5 out of 5","2 out of 5","4 out of 5 stars","+8"
"33",5,"Javonte Williams",DAL,"RB14","14","4 out of 5","4 out of 5","4 out of 5 stars","-3"
"34",5,"Jeremiyah Love",ARI,"RB15","14","5 out of 5","4 out of 5","2 out of 5 stars","-6"
"35",5,"Breece Hall",NYJ,"RB16","13","4 out of 5","4 out of 5","3 out of 5 stars","-3"
"36",5,"Davante Adams",LAR,"WR17","11","4 out of 5","4 out of 5","1 out of 5 stars","+20"
"37",5,"Jaylen Waddle",DEN,"WR18","10","4 out of 5","3 out of 5","2 out of 5 stars","+7"
"38",5,"Tetairoa McMillan",CAR,"WR19","5","4 out of 5","3 out of 5","2 out of 5 stars","-2"
"39",5,"Ladd McConkey",LAC,"WR20","7","4 out of 5","3 out of 5","2 out of 5 stars","0"
"40",5,"Emeka Egbuka",TB,"WR21","10","4 out of 5","3 out of 5","4 out of 5 stars","+5"
"41",5,"Drake Maye",NE,"QB2","11","5 out of 5","1 out of 5","2 out of 5 stars","+10"
"42",6,"Garrett Wilson",NYJ,"WR22","13","4 out of 5","4 out of 5","4 out of 5 stars","+1"
"43",6,"Lamar Jackson",BAL,"QB3","13","4 out of 5","4 out of 5","3 out of 5 stars","-5"
"44",6,"Jameson Williams",DET,"WR23","6","4 out of 5","3 out of 5","4 out of 5 stars","+15"
"45",6,"Joe Burrow",CIN,"QB4","6","4 out of 5","4 out of 5","3 out of 5 stars","+8"
"46",6,"Travis Etienne Jr.",NO,"RB17","8","4 out of 5","4 out of 5","3 out of 5 stars","-11"
"47",6,"Terry McLaurin",WAS,"WR24","7","4 out of 5","2 out of 5","2 out of 5 stars","+7"
"48",6,"Tyler Warren",IND,"TE3","13","5 out of 5","2 out of 5","3 out of 5 stars","+2"
"49",6,"D'Andre Swift",CHI,"RB18","10","3 out of 5","2 out of 5","2 out of 5 stars","-7"
"50",6,"Cam Skattebo",NYG,"RB19","8","4 out of 5","4 out of 5","4 out of 5 stars","-13"
"51",6,"Luther Burden III",CHI,"WR25","10","4 out of 5","4 out of 5","3 out of 5 stars","+1"
"52",6,"Colston Loveland",CHI,"TE4","10","5 out of 5","2 out of 5","2 out of 5 stars","-11"
"53",6,"Bucky Irving",TB,"RB20","10","3 out of 5","4 out of 5","2 out of 5 stars","-6"
"54",6,"Rome Odunze",CHI,"WR26","10","4 out of 5","3 out of 5","3 out of 5 stars","+6"
"55",6,"Christian Watson",GB,"WR27","11","4 out of 5","4 out of 5","5 out of 5 stars","+10"
"56",6,"David Montgomery",HOU,"RB21","8","4 out of 5","2 out of 5","4 out of 5 stars","-8"
"57",6,"DJ Moore",BUF,"WR28","7","4 out of 5","2 out of 5","4 out of 5 stars","-8"
"58",6,"Quinshon Judkins",CLE,"RB22","11","4 out of 5","4 out of 5","3 out of 5 stars","-12"
"59",7,"Mike Evans",SF,"WR29","8","4 out of 5","4 out of 5","2 out of 5 stars","+7"
"60",7,"Jayden Daniels",WAS,"QB5","7","4 out of 5","4 out of 5","2 out of 5 stars","+3"
"61",7,"Jalen Hurts",PHI,"QB6","10","4 out of 5","3 out of 5","5 out of 5 stars","+1"
"62",7,"TreVeyon Henderson",NE,"RB23","11","4 out of 5","4 out of 5","2 out of 5 stars","-4"
"63",7,"Caleb Williams",CHI,"QB7","10","5 out of 5","2 out of 5","3 out of 5 stars","+9"
"64",7,"DK Metcalf",PIT,"WR30","9","3 out of 5","3 out of 5","3 out of 5 stars","+17"
"65",7,"Marvin Harrison Jr.",ARI,"WR31","14","3 out of 5","4 out of 5","2 out of 5 stars","+10"
"66",7,"Trevor Lawrence",JAC,"QB8","7","5 out of 5","2 out of 5","4 out of 5 stars","+21"
"67",7,"Jadarian Price",SEA,"RB24","11","4 out of 5","4 out of 5","4 out of 5 stars","-12"
"68",7,"Parker Washington",JAC,"WR32","7","4 out of 5","2 out of 5","4 out of 5 stars","0"
"69",7,"Rhamondre Stevenson",NE,"RB25","11","4 out of 5","3 out of 5","2 out of 5 stars","0"
"70",7,"Bhayshul Tuten",JAC,"RB26","7","4 out of 5","3 out of 5","4 out of 5 stars","-13"
"71",7,"Jaylen Warren",PIT,"RB27","9","4 out of 5","4 out of 5","2 out of 5 stars","-4"
"72",7,"Rico Dowdle",PIT,"RB28","9","4 out of 5","4 out of 5","2 out of 5 stars","+4"
"73",8,"Brock Purdy",SF,"QB9","8","4 out of 5","2 out of 5","1 out of 5 stars","+40"
"74",8,"Justin Herbert",LAC,"QB10","7","5 out of 5","2 out of 5","2 out of 5 stars","+4"
"75",8,"Tony Pollard",TEN,"RB29","9","4 out of 5","3 out of 5","3 out of 5 stars","+2"
"76",8,"Courtland Sutton",DEN,"WR33","10","2 out of 5","4 out of 5","2 out of 5 stars","+14"
"77",8,"Carnell Tate",TEN,"WR34","9","4 out of 5","2 out of 5","3 out of 5 stars","-3"
"78",8,"Jonathon Brooks",CAR,"RB30","5","4 out of 5","4 out of 5","1 out of 5 stars","+2"
"79",8,"Kyle Pitts Sr.",ATL,"TE5","11","4 out of 5","4 out of 5","3 out of 5 stars","-6"
"80",8,"Harold Fannin Jr.",CLE,"TE6","11","4 out of 5","3 out of 5","3 out of 5 stars","-10"
"81",8,"Sam LaPorta",DET,"TE7","6","4 out of 5","3 out of 5","3 out of 5 stars","-10"
"82",8,"Blake Corum",LAR,"RB31","11","4 out of 5","4 out of 5","5 out of 5 stars","+9"
"83",8,"Quentin Johnston",LAC,"WR35","7","4 out of 5","4 out of 5","2 out of 5 stars","+18"
"84",8,"Michael Pittman Jr.",PIT,"WR36","9","3 out of 5","3 out of 5","3 out of 5 stars","+31"
"85",8,"Jayden Reed",GB,"WR37","11","4 out of 5","4 out of 5","5 out of 5 stars","+24"
"86",8,"Stefon Diggs",WAS,"WR38","7","4 out of 5","2 out of 5","2 out of 5 stars","+19"
"87",8,"Brian Thomas Jr.",JAC,"WR39","7","2 out of 5","4 out of 5","4 out of 5 stars","-5"
"88",8,"Chris Godwin Jr.",TB,"WR40","10","4 out of 5","4 out of 5","4 out of 5 stars","-5"
"89",8,"Chuba Hubbard",CAR,"RB32","5","2 out of 5","4 out of 5","1 out of 5 stars","-3"
"90",8,"Dak Prescott",DAL,"QB11","14","4 out of 5","2 out of 5","2 out of 5 stars","-11"
"AD",8
"91",8,"Patrick Mahomes II",KC,"QB12","5","3 out of 5","4 out of 5","2 out of 5 stars","+23"
"92",8,"George Kittle",SF,"TE8","8","4 out of 5","4 out of 5","3 out of 5 stars","-7"
"93",8,"Josh Downs",IND,"WR41","13","3 out of 5","4 out of 5","4 out of 5 stars","+18"
"94",8,"J.K. Dobbins",DEN,"RB33","10","4 out of 5","4 out of 5","2 out of 5 stars","-6"
"95",8,"Jaxson Dart",NYG,"QB13","8","5 out of 5","4 out of 5","4 out of 5 stars","+1"
"96",8,"Travis Kelce",KC,"TE9","5","3 out of 5","3 out of 5","4 out of 5 stars","-2"
"97",8,"Bo Nix",DEN,"QB14","10","4 out of 5","2 out of 5","3 out of 5 stars","+7"
"98",9,"Alec Pierce",IND,"WR42","13","4 out of 5","4 out of 5","4 out of 5 stars","-6"
"99",9,"Tucker Kraft",GB,"TE10","11","5 out of 5","3 out of 5","2 out of 5 stars","-35"
"100",9,"Kyler Murray",MIN,"QB15","6","4 out of 5","3 out of 5","5 out of 5 stars","+29"
"101",9,"Jordan Addison",MIN,"WR43","6","4 out of 5","3 out of 5","5 out of 5 stars","+6"
"102",9,"RJ Harvey",DEN,"RB34","10","2 out of 5","4 out of 5","2 out of 5 stars","-18"
"103",9,"Jared Goff",DET,"QB16","6","4 out of 5","2 out of 5","5 out of 5 stars","+20"
"104",9,"Jordan Mason",MIN,"RB35","6","4 out of 5","3 out of 5","4 out of 5 stars","-11"
"105",9,"Jakobi Meyers",JAC,"WR44","7","2 out of 5","3 out of 5","4 out of 5 stars","+31"
"106",9,"De'Zhaun Stribling",SF,"WR45","8","4 out of 5","4 out of 5","2 out of 5 stars","0"
"107",9,"Josh Jacobs",GB,"RB36","11","4 out of 5","5 out of 5","4 out of 5 stars","-46"
"108",9,"Deebo Samuel Sr.",SF,"WR46","8","4 out of 5","3 out of 5","2 out of 5 stars","+33"
"109",9,"Matthew Stafford",LAR,"QB17","11","4 out of 5","2 out of 5","3 out of 5 stars","-7"
"110",9,"Wan'Dale Robinson",TEN,"WR47","9","4 out of 5","3 out of 5","3 out of 5 stars","+18"
"111",9,"Xavier Worthy",KC,"WR48","5","4 out of 5","4 out of 5","2 out of 5 stars","+28"
"112",9,"Michael Wilson",ARI,"WR49","14","-","-","2 out of 5 stars","-23"
"113",9,"Kyle Monangai",CHI,"RB37","10","4 out of 5","3 out of 5","2 out of 5 stars","-16"
"114",9,"Romeo Doubs",NE,"WR50","11","4 out of 5","3 out of 5","2 out of 5 stars","+32"
"115",9,"MarShawn Lloyd",GB,"RB38","11","4 out of 5","4 out of 5","4 out of 5 stars","-20"
"116",9,"Dalton Kincaid",BUF,"TE11","7","3 out of 5","4 out of 5","3 out of 5 stars","-17"
"117",9,"Rachaad White",WAS,"RB39","7","4 out of 5","2 out of 5","4 out of 5 stars","+4"
"118",9,"Matthew Golden",GB,"WR51","11","3 out of 5","4 out of 5","5 out of 5 stars","+12"
"119",9,"Kenny Gainwell",TB,"RB40","10","4 out of 5","3 out of 5","2 out of 5 stars","-11"
"120",9,"Jacory Croskey-Merritt",WAS,"RB41","7","4 out of 5","4 out of 5","4 out of 5 stars","-22"
"121",9,"Khalil Shakir",BUF,"WR52","7","2 out of 5","4 out of 5","4 out of 5 stars","+40"
"122",9,"KC Concepcion",CLE,"WR53","11","4 out of 5","3 out of 5","3 out of 5 stars","-2"
"123",9,"Dallas Goedert",PHI,"TE12","10","4 out of 5","3 out of 5","4 out of 5 stars","-4"
"124",9,"Aaron Jones Sr.",MIN,"RB42","6","1 out of 5","4 out of 5","4 out of 5 stars","+2"
"125",9,"Mark Andrews",BAL,"TE13","13","4 out of 5","4 out of 5","4 out of 5 stars","-3"
"126",9,"Isaiah Likely",NYG,"TE14","8","4 out of 5","3 out of 5","3 out of 5 stars","-26"
"127",9,"Jordan Love",GB,"QB18","11","4 out of 5","3 out of 5","4 out of 5 stars","+8"
"128",10,"Malik Willis",MIA,"QB19","6","4 out of 5","4 out of 5","3 out of 5 stars","+26"
"129",10,"Baker Mayfield",TB,"QB20","10","3 out of 5","4 out of 5","2 out of 5 stars","+13"
"130",10,"Tyler Shough",NO,"QB21","8","4 out of 5","2 out of 5","3 out of 5 stars","+34"
"131",10,"Jake Ferguson",DAL,"TE15","14","2 out of 5","4 out of 5","2 out of 5 stars","-13"
"132",10,"Keaton Mitchell",LAC,"RB43","7","4 out of 5","4 out of 5","3 out of 5 stars","+30"
"133",10,"Woody Marks",HOU,"RB44","8","3 out of 5","4 out of 5","4 out of 5 stars","+7"
"134",10,"Makai Lemon",PHI,"WR54","10","4 out of 5","2 out of 5","4 out of 5 stars","-22"
"135",10,"Tyjae Spears",TEN,"RB45","9","4 out of 5","4 out of 5","3 out of 5 stars","+24"
"136",10,"Jordyn Tyson",NO,"WR55","8","3 out of 5","5 out of 5","3 out of 5 stars","-19"
"137",10,"Jalen Coker",CAR,"WR56","5","4 out of 5","3 out of 5","2 out of 5 stars","+20"
"138",10,"Juwan Johnson",NO,"TE16","8","4 out of 5","2 out of 5","2 out of 5 stars","-7"
"139",10,"Tre Tucker",LV,"WR57","13","4 out of 5","2 out of 5","2 out of 5 stars","+27"
"140",10,"Jonah Coleman",DEN,"RB46","10","4 out of 5","4 out of 5","2 out of 5 stars","+5"
"141",10,"Zach Charbonnet",SEA,"RB47","11","3 out of 5","4 out of 5","4 out of 5 stars","+9"
"142",10,"Rashid Shaheed",SEA,"WR58","11","3 out of 5","4 out of 5","3 out of 5 stars","+1"
"143",10,"Hunter Henry",NE,"TE17","11","2 out of 5","4 out of 5","4 out of 5 stars","+9"
"144",10,"Chris Rodriguez Jr.",JAC,"RB48","7","3 out of 5","4 out of 5","4 out of 5 stars","-7"
"145",10,"Tyler Allgeier",ARI,"RB49","14","3 out of 5","4 out of 5","2 out of 5 stars","-11"
"146",10,"Sam Darnold",SEA,"QB22","11","2 out of 5","4 out of 5","4 out of 5 stars","+3"
"147",10,"Denzel Boston",CLE,"WR59","11","4 out of 5","4 out of 5","3 out of 5 stars","+39"
"148",10,"Jalen McMillan",TB,"WR60","10","4 out of 5","3 out of 5","4 out of 5 stars","+81"
"149",10,"C.J. Stroud",HOU,"QB23","8","3 out of 5","4 out of 5","4 out of 5 stars","+18"
"150",10,"Dontayvion Wicks",PHI,"WR61","10","4 out of 5","4 out of 5","4 out of 5 stars","+55"
"151",10,"Dalton Schultz",HOU,"TE18","8","3 out of 5","2 out of 5","4 out of 5 stars","+32"
"152",10,"Kayshon Boutte",HOU,"WR62","8","3 out of 5","4 out of 5","3 out of 5 stars","-4"
"153",10,"Adonai Mitchell",NYJ,"WR63","13","4 out of 5","4 out of 5","4 out of 5 stars","+80"
"154",10,"Keenan Allen",IND,"WR64","13","3 out of 5","3 out of 5","4 out of 5 stars","+14"
"155",11,"Caleb Douglas",MIA,"WR65","6","3 out of 5","4 out of 5","3 out of 5 stars","+70"
"156",11,"Brian Robinson Jr.",ATL,"RB50","11","1 out of 5","4 out of 5","2 out of 5 stars","-12"
"157",11,"Daniel Jones",IND,"QB24","13","4 out of 5","4 out of 5","4 out of 5 stars","+25"
"158",11,"Dylan Sampson",CLE,"RB51","11","4 out of 5","2 out of 5","3 out of 5 stars","+46"
"159",11,"Jerry Jeudy",CLE,"WR66","11","1 out of 5","4 out of 5","3 out of 5 stars","+62"
"160",11,"Brenton Strange",JAC,"TE19","7","4 out of 5","3 out of 5","3 out of 5 stars","+15"
"161",11,"Tre' Harris",LAC,"WR67","7","4 out of 5","2 out of 5","2 out of 5 stars","+73"
"162",11,"Jalen Nailor",LV,"WR68","13","-","-","2 out of 5 stars","+8"
"163",11,"Omar Cooper Jr.",NYJ,"WR69","13","4 out of 5","4 out of 5","4 out of 5 stars","+64"
"164",11,"Alvin Kamara",NO,"RB52","8","2 out of 5","4 out of 5","3 out of 5 stars","-11"
"165",11,"Ryan Flournoy",DAL,"WR70","14","4 out of 5","3 out of 5","2 out of 5 stars","+86"
"166",11,"Mike Washington Jr.",LV,"RB53","13","4 out of 5","4 out of 5","2 out of 5 stars","-39"
"167",11,"Cam Ward",TEN,"QB25","9","4 out of 5","4 out of 5","3 out of 5 stars","+11"
"168",11,"Chig Okonkwo",WAS,"TE20","7","4 out of 5","3 out of 5","1 out of 5 stars","+3"
"169",11,"Jauan Jennings",MIN,"WR71","6","2 out of 5","4 out of 5","5 out of 5 stars","+15"
"170",11,"Tank Bigsby",PHI,"RB54","10","4 out of 5","3 out of 5","4 out of 5 stars","-14"
"171",11,"Aaron Rodgers",PIT,"QB26","9","1 out of 5","4 out of 5","2 out of 5 stars","+8"
"172",11,"Braelon Allen",NYJ,"RB55","13","1 out of 5","4 out of 5","3 out of 5 stars","0"
"173",11,"Tyrone Tracy Jr.",NYG,"RB56","8","1 out of 5","4 out of 5","4 out of 5 stars","-18"
"174",11,"AJ Barner",SEA,"TE21","11","4 out of 5","2 out of 5","3 out of 5 stars","+22"
"175",11,"Calvin Ridley",TEN,"WR72","9","2 out of 5","4 out of 5","3 out of 5 stars","+57"
"176",11,"T.J. Hockenson",MIN,"TE22","6","2 out of 5","4 out of 5","4 out of 5 stars","-3"
"177",11,"Travis Hunter",JAC,"WR73","7","3 out of 5","4 out of 5","4 out of 5 stars","+45"
"178",11,"Pat Bryant",DEN,"WR74","10","3 out of 5","4 out of 5","2 out of 5 stars","+71"
"179",11,"Emmett Johnson",KC,"RB57","5","4 out of 5","4 out of 5","3 out of 5 stars","-19"
"180",11,"Ja'Kobi Lane",BAL,"WR75","13","4 out of 5","4 out of 5","4 out of 5 stars","-29"
"181",11,"Malik Washington",MIA,"WR76","6","3 out of 5","4 out of 5","3 out of 5 stars","+32"
"182",11,"Pat Freiermuth",PIT,"TE23","9","3 out of 5","3 out of 5","2 out of 5 stars","+16"
"183",11,"Justice Hill",BAL,"RB58","13","-","-","3 out of 5 stars","+40"
"184",11,"Terrance Ferguson",LAR,"TE24","11","4 out of 5","4 out of 5","4 out of 5 stars","-4"
"185",11,"Cyrus Allen",KC,"WR77","5","4 out of 5","4 out of 5","2 out of 5 stars","+31"
"186",11,"Kimani Vidal",LAC,"RB59","7","1 out of 5","4 out of 5","3 out of 5 stars","+52"
"187",11,"Bryce Young",CAR,"QB27","5","2 out of 5","4 out of 5","2 out of 5 stars","-10"
"188",11,"Nicholas Singleton",TEN,"RB60","9","3 out of 5","4 out of 5","3 out of 5 stars","+49"
"189",11,"Isiah Pacheco",DET,"RB61","6","3 out of 5","4 out of 5","5 out of 5 stars","-15"
"190",12,"Cooper Kupp",SEA,"WR78","11","2 out of 5","4 out of 5","3 out of 5 stars","+7"
"191",12,"Malachi Fields",NYG,"WR79","8","4 out of 5","4 out of 5","4 out of 5 stars","+27"
"192",12,"Kenyon Sadiq",NYJ,"TE25","13","3 out of 5","4 out of 5","4 out of 5 stars","0"
"193",12,"Ray Davis",BUF,"RB62","7","-","-","2 out of 5 stars","-17"
"194",12,"Cade Otton",TB,"TE26","10","2 out of 5","3 out of 5","2 out of 5 stars","+65"
"195",12,"Rashod Bateman",BAL,"WR80","13","3 out of 5","4 out of 5","4 out of 5 stars","-"
"196",12,"Kaelon Black",SF,"RB63","8","4 out of 5","4 out of 5","2 out of 5 stars","-38"
"197",12,"Zachariah Branch",ATL,"WR81","11","3 out of 5","4 out of 5","3 out of 5 stars","+67"
"198",12,"Isaac TeSlaa",DET,"WR82","6","3 out of 5","4 out of 5","4 out of 5 stars","+10"
"199",12,"Oronde Gadsden II",LAC,"TE27","7","3 out of 5","4 out of 5","4 out of 5 stars","-11"
"200",12,"Gunnar Helm",TEN,"TE28","9","3 out of 5","4 out of 5","3 out of 5 stars","+61"
"201",12,"Jaylin Noel",HOU,"WR83","8","4 out of 5","3 out of 5","3 out of 5 stars","+98"
"202",12,"Xavier Legette",CAR,"WR84","5","2 out of 5","4 out of 5","2 out of 5 stars","-"
"203",12,"Devaughn Vele",NO,"WR85","8","2 out of 5","4 out of 5","3 out of 5 stars","+67"
"204",12,"Houston Texans",HOU,"DST1","8","-","-","2 out of 5 stars","-94"
"205",12,"Sean Tucker",TB,"RB64","10","3 out of 5","4 out of 5","2 out of 5 stars","+51"
"206",12,"Chris Brooks",GB,"RB65","11","2 out of 5","4 out of 5","4 out of 5 stars","+62"
"207",12,"Antonio Williams",WAS,"WR86","7","4 out of 5","2 out of 5","2 out of 5 stars","+68"
"208",12,"Darnell Mooney",NYG,"WR87","8","3 out of 5","4 out of 5","4 out of 5 stars","+95"
"209",12,"Jacoby Brissett",ARI,"QB28","14","2 out of 5","4 out of 5","2 out of 5 stars","+26"
"210",12,"Tank Dell",HOU,"WR88","8","4 out of 5","5 out of 5","3 out of 5 stars","+36"
"211",12,"Denver Broncos",DEN,"DST2","10","-","-","4 out of 5 stars","-87"
"212",12,"Ted Hurst III",TB,"WR89","10","4 out of 5","4 out of 5","4 out of 5 stars","+43"
"213",12,"Los Angeles Rams",LAR,"DST3","11","-","-","2 out of 5 stars","-110"
"214",12,"Chris Bell",MIA,"WR90","6","4 out of 5","4 out of 5","3 out of 5 stars","+17"
"215",12,"Greg Dulcich",MIA,"TE29","6","4 out of 5","4 out of 5","5 out of 5 stars","0"
"216",12,"Seattle Seahawks",SEA,"DST4","11","-","-","2 out of 5 stars","-91"
"217",12,"Germie Bernard",PIT,"WR91","9","2 out of 5","4 out of 5","3 out of 5 stars","+59"
"218",12,"Philadelphia Eagles",PHI,"DST5","10","-","-","0 out of 5 stars","-85"
"219",12,"Geno Smith",NYJ,"QB29","13","2 out of 5","4 out of 5","4 out of 5 stars","+17"
"220",12,"Emanuel Wilson",SEA,"RB66","11","3 out of 5","4 out of 5","4 out of 5 stars","+53"
"221",12,"New England Patriots",NE,"DST6","11","-","-","3 out of 5 stars","-52"
"222",12,"Pittsburgh Steelers",PIT,"DST7","9","-","-","5 out of 5 stars","-28"
"223",12,"Cleveland Browns",CLE,"DST8","11","-","-","5 out of 5 stars","+17"
"224",12,"Brandon Aubrey",DAL,"K1","14","5 out of 5","1 out of 5","2 out of 5 stars","-108"
"225",12,"Los Angeles Chargers",LAC,"DST9","7","-","-","3 out of 5 stars","-32"
"226",12,"Jaydon Blue",PHI,"RB67","10","3 out of 5","5 out of 5","4 out of 5 stars","+48"
"227",12,"Tyquan Thornton",KC,"WR92","5","2 out of 5","5 out of 5","2 out of 5 stars","-"
"228",12,"Minnesota Vikings",MIN,"DST10","6","-","-","1 out of 5 stars","-43"
"229",13,"Baltimore Ravens",BAL,"DST11","13","-","-","5 out of 5 stars","-40"
"230",13,"Keon Coleman",BUF,"WR93","7","2 out of 5","4 out of 5","4 out of 5 stars","+41"
"231",13,"Najee Harris",NYG,"RB68","8","2 out of 5","4 out of 5","4 out of 5 stars","+29"
"232",13,"Cameron Dicker",LAC,"K2","7","5 out of 5","1 out of 5","2 out of 5 stars","-94"
"233",13,"Ka'imi Fairbairn",HOU,"K3","8","5 out of 5","1 out of 5","2 out of 5 stars","-101"
"234",13,"Jack Bech",LV,"WR94","13","3 out of 5","4 out of 5","2 out of 5 stars","+76"
"235",13,"Jacksonville Jaguars",JAC,"DST12","7","-","-","3 out of 5 stars","-48"
"236",13,"Samaje Perine",CIN,"RB69","6","2 out of 5","5 out of 5","2 out of 5 stars","+62"
"237",13,"Fernando Mendoza",LV,"QB30","13","4 out of 5","3 out of 5","1 out of 5 stars","-74"
"238",13,"Kaytron Allen",WAS,"RB70","7","3 out of 5","4 out of 5","4 out of 5 stars","+6"
"239",13,"Darren Waller",CAR,"TE30","5","-","-","2 out of 5 stars","+55"
"240",13,"Eli Stowers",PHI,"TE31","10","4 out of 5","4 out of 5","4 out of 5 stars","+50"
"241",13,"Cam Little",JAC,"K4","7","-","-","4 out of 5 stars","-76"
"242",13,"Jason Myers",SEA,"K5","11","4 out of 5","2 out of 5","4 out of 5 stars","-95"
"243",13,"David Njoku",LAC,"TE32","7","4 out of 5","4 out of 5","4 out of 5 stars","-62"
"244",13,"Evan Engram",DEN,"TE33","10","-","-","4 out of 5 stars","+42"
"245",13,"Colby Parkinson",LAR,"TE34","11","-","-","4 out of 5 stars","+18"
"246",13,"Mike Gesicki",CIN,"TE35","6","-","-","3 out of 5 stars","+26"
"247",13,"Charlie Kolar",LAC,"TE36","7","-","-","4 out of 5 stars","-"
"248",13,"Andrei Iosivas",CIN,"WR95","6","-","-","4 out of 5 stars","-"
"249",13,"Kansas City Chiefs",KC,"DST13","5","-","-","3 out of 5 stars","-30"
"250",13,"Eddy Pineiro",SF,"K6","8","4 out of 5","2 out of 5","5 out of 5 stars","-49"
"251",13,"Michael Penix Jr.",ATL,"QB31","11","2 out of 5","5 out of 5","4 out of 5 stars","-4"
"252",13,"Jahan Dotson",ATL,"WR96","11","-","-","3 out of 5 stars","+56"
"253",13,"Harrison Mevis",LAR,"K7","11","4 out of 5","2 out of 5","2 out of 5 stars","-62"
"254",13,"Detroit Lions",DET,"DST14","6","-","-","5 out of 5 stars","-42"
"255",13,"George Holani",SEA,"RB71","11","3 out of 5","4 out of 5","4 out of 5 stars","+2"
"256",13,"Tyler Loop",BAL,"K8","13","-","-","3 out of 5 stars","-56"
"257",13,"Jake Bates",DET,"K9","6","4 out of 5","2 out of 5","5 out of 5 stars","-67"
"258",13,"Will Reichard",MIN,"K10","6","-","-","2 out of 5 stars","-51"
"259",13,"Troy Franklin",DEN,"WR97","10","1 out of 5","5 out of 5","2 out of 5 stars","+58"
"260",13,"New Orleans Saints",NO,"DST15","8","-","-","5 out of 5 stars","-"
"261",13,"Jaylen Wright",MIA,"RB72","6","-","-","3 out of 5 stars","-19"
"262",13,"Elijah Arroyo",SEA,"TE37","11","-","-","3 out of 5 stars","-"
"263",13,"Malik Benson",LV,"WR98","13","-","-","2 out of 5 stars","-"
"264",13,"Michael Mayer",LV,"TE38","13","-","-","3 out of 5 stars","-"
"265",13,"Tory Horton",SEA,"WR99","11","4 out of 5","4 out of 5","3 out of 5 stars","+44"
"266",13,"Andy Borregales",NE,"K11","11","-","-","1 out of 5 stars","-38"
"267",13,"Deshaun Watson",CLE,"QB32","11","1 out of 5","5 out of 5","4 out of 5 stars","-9"
"268",13,"Demond Claiborne",MIN,"RB73","6","3 out of 5","4 out of 5","4 out of 5 stars","-1"
"269",13,"Malik Davis",DAL,"RB74","14","-","-","4 out of 5 stars","-3"
"270",13,"Darius Slayton",NYG,"WR100","8","2 out of 5","4 out of 5","4 out of 5 stars","-"
"271",13,"Chase McLaughlin",TB,"K12","10","4 out of 5","2 out of 5","3 out of 5 stars","-47"
"272",13,"Matt Hibner",BAL,"TE39","13","-","-","4 out of 5 stars","-"
"273",13,"Green Bay Packers",GB,"DST16","11","-","-","2 out of 5 stars","-64"
"274",13,"Eli Raridon",NE,"TE40","11","-","-","4 out of 5 stars","-"
"275",13,"Brenen Thompson",LAC,"WR101","7","-","-","2 out of 5 stars","-"
"276",13,"Darnell Washington",PIT,"TE41","9","-","-","2 out of 5 stars","-"
"277",13,"KaVontae Turpin",DAL,"WR102","14","-","-","2 out of 5 stars","-"
"278",13,"Harrison Butker",KC,"K13","5","-","-","5 out of 5 stars","-83"
"279",13,"Odell Beckham Jr.",NYG,"WR103","8","-","-","4 out of 5 stars","+1"
"280",13,"Jalen Tolbert",MIA,"WR104","6","-","-","3 out of 5 stars","-"
"281",14,"Theo Johnson",NYG,"TE42","8","2 out of 5","4 out of 5","3 out of 5 stars","+32"
"282",14,"Oscar Delp",NO,"TE43","8","4 out of 5","4 out of 5","2 out of 5 stars","-"
"283",14,"Ty Johnson",BUF,"RB75","7","-","-","2 out of 5 stars","-4"
"284",14,"Buffalo Bills",BUF,"DST17","7","-","-","3 out of 5 stars","-58"
"285",14,"Kendrick Bourne",ARI,"WR105","14","-","-","2 out of 5 stars","-"
"286",14,"Wil Lutz",DEN,"K14","10","-","-","1 out of 5 stars","-32"
"287",14,"Elijah Sarratt",BAL,"WR106","13","3 out of 5","3 out of 5","4 out of 5 stars","-"
"288",14,"Kaleb Johnson",GB,"RB76","11","1 out of 5","5 out of 5","4 out of 5 stars","-68"
"289",14,"Zavion Thomas",CHI,"WR107","10","-","-","3 out of 5 stars","-"
"290",14,"Trey Smack",GB,"K15","11","-","-","4 out of 5 stars","-87"
"291",14,"Hollywood Brown",PHI,"WR108","10","-","-","4 out of 5 stars","-"
"292",14,"Cairo Santos",CHI,"K16","10","3 out of 5","3 out of 5","0 out of 5 stars","-30"
"293",14,"Brandon Aiyuk",SF,"WR109","8","2 out of 5","5 out of 5","2 out of 5 stars","+27"
"294",14,"Jordan James",SF,"RB77","8","2 out of 5","4 out of 5","2 out of 5 stars","-46"
"295",14,"Mason Taylor",NYJ,"TE44","13","1 out of 5","4 out of 5","4 out of 5 stars","-"
"296",14,"Zach Ertz",FA,"TE45","-","-","-","-","-"
"297",14,"Kendre Miller",NO,"RB78","8","2 out of 5","4 out of 5","3 out of 5 stars","-"
"298",14,"DeMario Douglas",NE,"WR110","11","-","-","2 out of 5 stars","-"
"299",14,"Christian Kirk",SF,"WR111","8","1 out of 5","5 out of 5","2 out of 5 stars","-"
"300",14,"Shedeur Sanders",CLE,"QB33","11","3 out of 5","4 out of 5","4 out of 5 stars","-35"
"301",14,"Roman Wilson",PIT,"WR112","9","-","-","3 out of 5 stars","-"
"302",14,"Colbie Young",CIN,"WR113","6","-","-","4 out of 5 stars","-"
"303",14,"Elic Ayomanor",TEN,"WR114","9","1 out of 5","5 out of 5","3 out of 5 stars","-"
"304",14,"Jarquez Hunter",FA,"RB79","-","-","-","-","-"
"305",14,"Seth McGowan",IND,"RB80","13","4 out of 5","4 out of 5","4 out of 5 stars","-21"
"306",14,"Dawson Knox",BUF,"TE46","7","-","-","3 out of 5 stars","-"
"307",14,"Bryce Lance",NO,"WR115","8","-","-","3 out of 5 stars","-"
"308",14,"Kyle Williams",NE,"WR116","11","3 out of 5","4 out of 5","2 out of 5 stars","-"
"309",14,"Erick All Jr.",CIN,"TE47","6","-","-","3 out of 5 stars","-"
"310",14,"Adam Randall",BAL,"RB81","13","3 out of 5","5 out of 5","3 out of 5 stars","-"
"311",14,"Ollie Gordon II",MIA,"RB82","6","3 out of 5","4 out of 5","3 out of 5 stars","-10"
"312",14,"Justin Fields",KC,"QB34","5","-","-","2 out of 5 stars","-"
"313",14,"Jake Tonges",SF,"TE48","8","-","-","3 out of 5 stars","-17"
"314",14,"Tua Tagovailoa",ATL,"QB35","11","2 out of 5","4 out of 5","4 out of 5 stars","-61"
"315",14,"Isaiah Davis",NYJ,"RB83","13","2 out of 5","4 out of 5","3 out of 5 stars","-"
"316",14,"CJ Daniels",LAR,"WR117","11","-","-","1 out of 5 stars","-"
"317",15,"LeQuint Allen Jr.",JAC,"RB84","7","2 out of 5","5 out of 5","4 out of 5 stars","-"
"318",15,"Carson Beck",ARI,"QB36","14","-","-","2 out of 5 stars","-"
"319",15,"Tampa Bay Buccaneers",TB,"DST18","10","-","-","4 out of 5 stars","-"
"320",15,"Ben Sinnott",WAS,"TE49","7","-","-","1 out of 5 stars","-"
"321",15,"Chicago Bears",CHI,"DST19","10","-","-","2 out of 5 stars","-107"
"322",15,"James Conner",ARI,"RB85","14","3 out of 5","4 out of 5","2 out of 5 stars","-111"
"323",15,"Chris Boswell",PIT,"K17","9","4 out of 5","2 out of 5","4 out of 5 stars","-106"
"324",15,"Kirk Cousins",LV,"QB37","13","2 out of 5","4 out of 5","1 out of 5 stars","-79"
"325",15,"Devin Singletary",NYG,"RB86","8","1 out of 5","5 out of 5","4 out of 5 stars","-56"
"326",15,"Kyle Juszczyk",SF,"RB87","8","-","-","2 out of 5 stars","-"
"327",15,"Xavier Hutchinson",HOU,"WR118","8","-","-","3 out of 5 stars","-"
"328",15,"Marvin Mims Jr.",DEN,"WR119","10","3 out of 5","4 out of 5","2 out of 5 stars","-"
"329",15,"Mack Hollins",NE,"WR120","11","-","-","2 out of 5 stars","-"
"330",15,"DJ Giddens",IND,"RB88","13","2 out of 5","4 out of 5","4 out of 5 stars","-"
"331",15,"Brashard Smith",KC,"RB89","5","-","-","3 out of 5 stars","-"
"332",15,"Kalif Raymond",CHI,"WR121","10","-","-","3 out of 5 stars","-"
"333",15,"Emari Demercado",DAL,"RB90","14","2 out of 5","5 out of 5","4 out of 5 stars","-21"
"334",15,"Tyler Higbee",LAR,"TE50","11","-","-","4 out of 5 stars","-"
"335",15,"Olamide Zaccheaus",ATL,"WR122","11","-","-","3 out of 5 stars","-"
"336",15,"Trevor Etienne",CAR,"RB91","5","2 out of 5","4 out of 5","1 out of 5 stars","-"
"337",15,"Isaiah Williams",NYJ,"WR123","13","-","-","4 out of 5 stars","-"
"338",15,"Tahj Brooks",CIN,"RB92","6","-","-","2 out of 5 stars","-"
"339",15,"Isaac Guerendo",SF,"RB93","8","-","-","2 out of 5 stars","-"
"340",15,"Audric Estime",NO,"RB94","8","-","-","3 out of 5 stars","-"
"341",15,"Will Shipley",PHI,"RB95","10","-","-","4 out of 5 stars","-"
"342",15,"Chimere Dike",TEN,"WR124","9","1 out of 5","5 out of 5","3 out of 5 stars","-"
"343",15,"Kareem Hunt",FA,"RB96","-","-","-","-","-"
"344",15,"Bam Knight",ARI,"RB97","14","-","-","2 out of 5 stars","-"
"345",15,"Cole Kmet",CHI,"TE51","10","-","-","2 out of 5 stars","-"
"346",15,"Jacob Saylors",DET,"RB98","6","-","-","5 out of 5 stars","-55"
"347",15,"Eli Heidenreich",PIT,"RB99","9","-","-","2 out of 5 stars","-"
"348",15,"Roschon Johnson",CHI,"RB100","10","-","-","2 out of 5 stars","-"
"349",15,"Skyler Bell",BUF,"WR125","7","-","-","4 out of 5 stars","-44"
"350",15,"Raheim Sanders",CLE,"RB101","11","-","-","3 out of 5 stars","-"
"351",15,"Rasheen Ali",BAL,"RB102","13","-","-","3 out of 5 stars","-"
"352",15,"Isaiah Bond",CLE,"WR126","11","-","-","3 out of 5 stars","-"
"353",15,"Sione Vaki",DET,"RB103","6","-","-","5 out of 5 stars","-"
"354",15,"Evan McPherson",CIN,"K18","6","4 out of 5","2 out of 5","2 out of 5 stars","-155"
"355",15,"Dylan Laube",LV,"RB104","13","-","-","2 out of 5 stars","-"
"356",15,"Ronnie Rivers",LAR,"RB105","11","-","-","5 out of 5 stars","-"
"357",15,"Treylon Burks",WAS,"WR127","7","-","-","2 out of 5 stars","-"
"358",15,"Tez Johnson",TB,"WR128","10","-","-","4 out of 5 stars","-"
"359",15,"Jeremy McNichols",WAS,"RB106","7","-","-","4 out of 5 stars","-"
"360",15,"Jalen Royals",KC,"WR129","5","-","-","2 out of 5 stars","-"
"361",15,"Luke McCaffrey",WAS,"WR130","7","-","-","2 out of 5 stars","-"
"362",15,"J.J. McCarthy",MIN,"QB38","6","-","-","5 out of 5 stars","-"
"363",15,"Konata Mumpfield",LAR,"WR131","11","-","-","1 out of 5 stars","-"
"364",15,"Hunter Luepke",DAL,"RB107","14","-","-","4 out of 5 stars","-"
"365",15,"Tommy Tremble",CAR,"TE52","5","-","-","2 out of 5 stars","-"
"366",15,"Dallas Cowboys",DAL,"DST20","14","-","-","1 out of 5 stars","-160"
"367",15,"Noah Gray",KC,"TE53","5","-","-","4 out of 5 stars","-"
"368",15,"Corey Kiner",NE,"RB108","11","-","-","2 out of 5 stars","-"
"369",15,"Mac Jones",SF,"QB39","8","-","-","1 out of 5 stars","-"
"370",15,"AJ Dillon",CAR,"RB109","5","-","-","1 out of 5 stars","-"
"371",15,"Max Klare",LAR,"TE54","11","-","-","4 out of 5 stars","-"
"372",15,"Joshua Palmer",BUF,"WR132","7","-","-","4 out of 5 stars","-"
"373",15,"Ja'Tavion Sanders",CAR,"TE55","5","-","-","2 out of 5 stars","-"
"374",15,"Tyler Badie",DEN,"RB110","10","-","-","2 out of 5 stars","-"
"375",15,"Ameer Abdullah",JAC,"RB111","7","-","-","4 out of 5 stars","-"
"376",15,"Julius Chestnut",TEN,"RB112","9","-","-","3 out of 5 stars","-"
"377",15,"Noah Fant",NO,"TE56","8","-","-","2 out of 5 stars","-"
"378",15,"Reggie Gilliam",NE,"RB113","11","-","-","2 out of 5 stars","-"
"379",15,"Kevin Coleman Jr.",MIA,"WR133","6","-","-","3 out of 5 stars","-"
"380",15,"Savion Williams",GB,"WR134","11","-","-","5 out of 5 stars","-"
"381",15,"Jaylin Lane",WAS,"WR135","7","-","-","2 out of 5 stars","-"
"382",15,"Jonnu Smith",GB,"TE57","11","-","-","2 out of 5 stars","-"
"383",15,"Mitchell Evans",CAR,"TE58","5","-","-","2 out of 5 stars","-"
"384",15,"Ashton Dulin",IND,"WR136","13","-","-","4 out of 5 stars","-"
"385",15,"Tutu Atwell",LAR,"WR137","11","-","-","1 out of 5 stars","-"
"386",15,"Max Bredeson",MIN,"RB114","6","-","-","4 out of 5 stars","-"
"387",15,"Austin Hooper",ATL,"TE59","11","-","-","3 out of 5 stars","-"
"388",15,"Kene Nwangwu",NYJ,"RB115","13","-","-","3 out of 5 stars","-"
"389",15,"Dont'e Thornton Jr.",LV,"WR138","13","-","-","2 out of 5 stars","-"
"390",15,"John Metchie III",CAR,"WR139","5","-","-","2 out of 5 stars","-"
"391",15,"Ty Simpson",LAR,"QB40","11","-","-","3 out of 5 stars","-"
"392",15,"Patrick Ricard",NYG,"RB116","8","-","-","4 out of 5 stars","-"
"393",15,"Anthony Richardson Sr.",IND,"QB41","13","-","-","4 out of 5 stars","-"
"394",15,"Alec Ingold",LAC,"RB117","7","-","-","3 out of 5 stars","-"
"395",15,"Daniel Bellinger",TEN,"TE60","9","-","-","3 out of 5 stars","-"
"396",15,"Demarcus Robinson",SF,"WR140","8","-","-","2 out of 5 stars","-"
"397",15,"Marlin Klein",HOU,"TE61","8","-","-","4 out of 5 stars","-"
"398",15,"Elijah Higgins",ARI,"TE62","14","-","-","2 out of 5 stars","-"
"399",15,"Jordan Whittington",LAR,"WR141","11","-","-","1 out of 5 stars","-"
"400",15,"Jameis Winston",NYG,"QB42","8","-","-","4 out of 5 stars","-"